Customer ID,Customer Name,Recency,Frequency,CLV,Profit,IPO,AOV,Unnamed: 8,Unnamed: 9,Clusters
DP-13000,Darren Powers,-125,17,1050.64,23.0,3.41,61.8,,,0
PO-19195,Phillina Ober,-85,10,1056.86,-4.7,3.2,105.69,,,1
MB-18085,Mick Brown,-43,10,1428.23,8.2,3.9,142.82,,,0
ME-17320,Maria Etezadi,-41,22,10663.73,17.4,3.73,484.71,,,2
JO-15145,Jack O'Briant,-56,13,3254.95,17.9,4.54,250.38,,,0
LS-17230,Lycoris Saunders,-776,6,368.88,10.6,2.67,61.48,,,0
VS-21820,Vivek Sundaresam,-220,8,1055.98,-24.9,4.75,132.0,,,1
MS-17830,Melanie Seite,-452,5,370.35,5.2,2.8,74.07,,,0
AJ-10780,Anthony Jacobs,-74,15,4867.34,3.1,4.13,324.49,,,0
SV-20365,Seth Vernon,-100,32,11470.95,10.5,3.41,358.47,,,2
BD-11605,Brian Dahlen,-96,22,3332.87,19.7,3.82,151.49,,,0
ND-18370,Natalie DeCherney,-26,18,4326.14,8.2,3.5,240.34,,,0
MM-17920,Michael Moore,-6,16,3794.08,2.2,4.25,237.13,,,0
CS-12250,Chris Selesnick,-25,28,2754.22,26.8,3.46,98.36,,,0
BS-11590,Brendan Sweed,-34,10,2454.93,15.6,4.1,245.49,,,0
EH-13990,Erica Hackney,-405,8,825.95,18.2,2.5,103.24,,,0
DL-13315,Delfina Latchford,-21,17,1458.26,19.8,4.35,85.78,,,0
DW-13195,David Wiener,-68,9,1080.75,-8.0,4.33,120.08,,,1
TS-21340,Toby Swindell,-225,12,974.78,-19.0,4.25,81.23,,,1
HL-15040,Hunter Lopez,-42,11,12873.3,43.7,4.55,1170.3,,,2
XP-21865,Xylona Preis,-42,34,2503.16,27.0,3.56,73.62,,,0
MV-17485,Mark Van Huff,-26,15,1560.05,12.1,3.47,104.0,,,0
MM-18280,Muhammed MacIntyre,-84,12,775.41,7.6,2.67,64.62,,,0
TB-21400,Tom Boeckenhauer,-201,17,9133.99,30.6,3.24,537.29,,,2
JW-15220,Jane Waco,-41,34,8846.35,28.6,4.53,260.19,,,2
SG-20605,Speros Goranitis,-107,13,3124.83,14.8,3.77,240.37,,,0
IM-15055,Ionia McGrath,-409,4,2872.63,34.0,4.75,718.16,,,0
CA-11965,Carol Adams,-95,10,3789.72,30.2,2.9,378.97,,,0
SD-20485,Shirley Daniels,-199,21,6121.11,32.4,3.9,291.48,,,2
EJ-13720,Ed Jacobs,-301,8,2162.17,17.9,3.88,270.27,,,0
JC-15340,Jasper Cacioppo,-113,4,71.26,-0.5,3.0,17.82,,,0
MV-18190,Mike Vittorini,-18,11,1734.57,15.8,3.36,157.69,,,0
LC-17050,Liz Carlisle,-53,9,2095.06,4.1,4.78,232.78,,,0
BD-11500,Bradley Drucker,-34,10,4411.24,25.9,4.9,441.12,,,0
EB-13930,Eric Barreto,-160,7,944.6,0.1,3.43,134.94,,,0
CD-12790,Cynthia Delaney,-399,15,1860.73,21.7,3.27,124.05,,,0
MH-17440,Mark Haberlin,-376,9,400.02,15.4,2.78,44.45,,,0
DB-13270,Deborah Brumfield,-52,13,4655.9,18.1,4.0,358.15,,,0
ND-18460,Neil Ducich,-182,8,2893.46,15.3,4.5,361.68,,,0
CK-12760,Cyma Kinney,-81,14,1582.11,-21.4,4.57,113.01,,,1
NM-18445,Nathan Mautz,-159,14,6459.34,42.6,3.14,461.38,,,2
GA-14725,Guy Armstrong,-4,22,1398.38,9.8,3.59,63.56,,,0
NF-18385,Natalie Fritzler,-78,14,8322.83,-20.4,3.71,594.49,,,2
SC-20095,Sanjit Chand,-349,22,14142.33,40.7,3.95,642.83,,,2
ML-17395,Marina Lichtenstein,-68,20,2722.84,25.2,3.6,136.14,,,0
ST-20530,Shui Tom,-124,12,433.34,19.5,2.75,36.11,,,0
BF-11020,Barry Französisch,-73,21,2888.51,10.5,3.71,137.55,,,0
MN-17935,Michael Nguyen,-33,10,2477.95,11.7,3.6,247.79,,,0
TB-21595,Troy Blackwell,-284,7,1387.56,-9.8,4.14,198.22,,,1
AB-10015,Aaron Bergman,-415,6,886.16,14.6,2.17,147.69,,,0
LC-16930,Linda Cazamias,-40,14,4492.95,6.4,3.71,320.92,,,0
SR-20740,Steven Roelle,-195,12,4345.89,45.8,4.17,362.16,,,0
TM-21010,Tamara Manning,-102,19,2955.23,19.4,3.53,155.54,,,0
SA-20830,Sue Ann Reed,-62,21,4767.34,12.8,3.57,227.02,,,0
MG-17875,Michael Grace,-115,7,1242.83,-37.9,3.29,177.55,,,1
JH-15430,Jennifer Halladay,-4,7,309.28,-7.8,4.14,44.18,,,1
JS-16030,Joy Smith,-27,18,2516.49,-12.4,3.89,139.81,,,1
VF-21715,Vicky Freymann,-12,11,847.94,-11.4,3.18,77.09,,,1
SC-20380,Shahid Collister,-29,20,5992.54,3.9,4.0,299.63,,,2
DB-13060,Dave Brooks,-15,13,4531.65,10.4,3.69,348.59,,,0
GW-14605,Giulietta Weimer,-27,9,2189.02,-12.3,4.78,243.22,,,1
HR-14770,Hallie Redmond,-12,13,1299.29,14.3,2.92,99.95,,,0
KN-16705,Kristina Nunn,-97,15,2280.58,14.5,3.67,152.04,,,0
NH-18610,Nicole Hansen,-188,11,2673.29,28.4,4.73,243.03,,,0
JS-15595,Jill Stevenson,-118,8,1417.65,-12.4,4.38,177.21,,,1
EJ-14155,Eva Jacobs,-56,8,2656.69,17.0,3.88,332.09,,,0
SC-20020,Sam Craven,-780,17,3362.96,-9.4,3.65,197.82,,,1
AJ-10945,Ashley Jarboe,-84,10,1839.24,28.3,4.0,183.92,,,0
AP-10720,Anne Pryor,-40,19,1638.55,17.4,4.47,86.24,,,0
CL-12565,Clay Ludtke,-283,28,10880.55,17.8,3.79,388.59,,,2
AB-10150,Aimee Bixby,-40,12,966.71,32.4,3.08,80.56,,,0
CM-12715,Craig Molinari,-1034,13,3984.45,4.4,4.38,306.5,,,0
NP-18685,Nora Pelletier,-406,7,1228.7,41.9,3.29,175.53,,,0
KT-16480,Kean Thornton,-99,13,4642.09,4.2,2.85,357.08,,,0
SW-20275,Scott Williamson,-29,7,1966.65,16.9,4.0,280.95,,,0
CK-12205,Chloris Kastensmidt,-38,32,3154.86,4.5,3.81,98.59,,,0
FM-14215,Filia McAdams,-6,15,2456.64,10.2,3.2,163.78,,,0
RB-19435,Richard Bierner,-18,16,2663.09,17.9,4.13,166.44,,,0
KA-16525,Kelly Andreada,-35,11,1519.51,15.5,5.18,138.14,,,0
NF-18595,Nicole Fjeld,-113,20,7003.07,16.7,5.15,350.15,,,2
CK-12325,Christine Kargatis,-119,12,2945.32,8.9,3.83,245.44,,,0
DK-13225,Dean Katz,-9,19,4802.39,4.4,3.68,252.76,,,0
JF-15295,Jason Fortune-,-224,14,955.12,10.2,3.0,68.22,,,0
NF-18475,Neil Französisch,-525,4,377.16,22.8,3.25,94.29,,,0
RB-19465,Rick Bensley,-8,23,4715.47,13.6,3.7,205.02,,,0
AS-10240,Alan Shonely,-191,13,584.61,5.8,3.0,44.97,,,0
CP-12340,Christine Phan,-159,15,5888.28,-31.4,3.93,392.55,,,1
BN-11515,Bradley Nguyen,-8,17,1459.34,23.3,4.65,85.84,,,0
AZ-10750,Annie Zypern,-159,12,1622.02,9.6,3.33,135.17,,,0
QJ-19255,Quincy Jones,-24,13,6108.34,19.7,4.69,469.87,,,2
EK-13795,Eileen Kiefer,-43,4,1303.48,7.5,4.5,325.87,,,0
SM-20320,Sean Miller,-78,15,25043.05,-7.9,3.33,1669.54,,,2
SC-20050,Sample Company A,-39,15,4624.57,21.9,4.07,308.3,,,0
MC-17605,Matt Connell,-111,18,2258.19,8.7,3.33,125.46,,,0
GM-14440,Gary McGarr,-82,11,3582.82,9.7,3.91,325.71,,,0
KH-16690,Kristen Hastings,-1,15,5990.8,20.5,4.6,399.39,,,2
CB-12025,Cassandra Brandow,-46,26,6076.14,2.5,4.69,233.7,,,2
TS-21205,Thomas Seio,-197,19,5371.09,16.1,3.53,282.69,,,2
BF-11275,Beth Fritzler,-56,4,791.99,3.3,2.75,198.0,,,0
VM-21835,Vivian Mathis,-116,8,380.69,30.6,3.13,47.59,,,0
CC-12685,Craig Carroll,-798,12,2854.12,29.8,4.25,237.84,,,0
BG-11740,Bruce Geld,-56,7,1006.36,11.9,3.14,143.77,,,0
PO-18865,Patrick O'Donnell,1,13,2493.21,17.6,4.15,191.79,,,0
MS-17710,Maurice Satty,-413,15,1613.4,15.3,3.2,107.56,,,0
CD-11920,Carlos Daly,-39,9,2033.97,21.0,3.89,226.0,,,0
CA-12265,Christina Anderson,-55,17,2648.29,10.6,3.82,155.78,,,0
DK-12835,Damala Kotsonis,-20,27,3256.48,27.1,3.19,120.61,,,0
CS-12505,Cindy Stewart,-57,9,5690.06,-116.5,4.44,632.23,,,1
JD-15895,Jonathan Doherty,-394,32,7610.86,13.8,4.69,237.84,,,2
MP-18175,Mike Pelletier,-15,19,5087.92,4.5,4.11,267.79,,,2
CV-12295,Christina VanderZanden,-253,13,2830.63,17.4,4.15,217.74,,,0
DR-12940,Daniel Raglin,-49,13,8350.87,34.4,4.38,642.37,,,2
MG-18145,Mike Gockenbach,-83,8,3061.54,-3.1,5.25,382.69,,,1
MP-17470,Mark Packer,-718,14,3206.13,18.7,5.5,229.01,,,0
SG-20890,Susan Gilcrest,-225,5,47.95,-7.7,3.4,9.59,,,1
KM-16720,Kunst Miller,-27,28,4909.47,15.2,3.5,175.34,,,0
Dl-13600,Dorris liebe,-118,6,755.6,23.2,3.17,125.93,,,0
NC-18340,Nat Carroll,-223,17,2461.4,23.6,3.18,144.79,,,0
TG-21640,Trudy Glocke,-113,10,2074.66,17.6,5.0,207.47,,,0
AA-10315,Alex Avila,-183,11,5563.56,-6.5,2.73,505.78,,,2
KB-16240,Karen Bern,-3,10,3152.62,24.2,3.4,315.26,,,0
DD-13570,Dorothy Dickinson,-40,9,269.54,13.5,3.67,29.95,,,0
JO-15280,Jas O'Carroll,-91,11,1934.27,10.5,3.27,175.84,,,0
KH-16330,Katharine Harms,-39,18,3312.86,13.7,3.89,184.05,,,0
AH-10690,Anna Häberlin,-410,23,7888.29,16.5,4.43,342.97,,,2
RD-19585,Rob Dowd,-179,19,2912.89,25.2,3.84,153.31,,,0
KE-16420,Katrina Edelman,-25,15,1686.73,23.6,4.47,112.45,,,0
MZ-17515,Mary Zewe,-281,10,2564.91,30.7,3.9,256.49,,,0
PK-18910,Paul Knutson,-483,3,1441.15,-55.4,4.67,480.38,,,1
KB-16585,Ken Black,-229,23,2744.74,21.1,4.43,119.34,,,0
GM-14695,Greg Maxwell,-116,11,6049.97,3.1,4.0,550.0,,,2
RD-19900,Ruben Dartt,-113,21,3133.92,14.5,4.05,149.23,,,0
RP-19855,Roy Phan,-27,15,2170.72,27.4,4.07,144.71,,,0
TH-21550,Tracy Hopkins,-71,13,4234.1,-13.5,3.38,325.7,,,1
JG-15805,John Grady,-222,9,1507.02,13.7,5.11,167.45,,,0
AY-10555,Andy Yotov,-13,10,497.01,20.8,3.4,49.7,,,0
SC-20260,Scott Cohen,-45,22,3756.51,18.1,3.23,170.75,,,0
FH-14275,Frank Hawley,-36,21,4256.27,25.2,3.1,202.68,,,0
GP-14740,Guy Phonely,-764,5,236.53,13.5,4.2,47.31,,,0
PJ-19015,Pauline Johnson,-133,10,1824.23,37.4,2.5,182.42,,,0
RS-19765,Roland Schwarz,-35,14,4159.77,29.0,3.86,297.13,,,0
VM-21685,Valerie Mitchum,-53,12,2454.87,20.9,3.08,204.57,,,0
RA-19885,Ruben Ausman,-42,15,3832.31,33.7,3.53,255.49,,,0
JS-15880,John Stevenson,-534,9,3868.02,14.6,4.78,429.78,,,0
JM-15655,Jim Mitchum,-7,12,864.95,13.5,3.42,72.08,,,0
PC-19000,Pauline Chand,-881,3,1061.49,-17.4,6.0,353.83,,,1
SE-20110,Sanjit Engle,-8,19,12209.44,21.7,4.11,642.6,,,2
JK-15370,Jay Kimmel,-43,17,2709.63,12.2,4.24,159.39,,,0
MM-18055,Michelle Moray,-60,19,2749.88,-18.9,3.84,144.73,,,1
GM-14455,Gary Mitchum,-15,12,3078.62,25.8,4.5,256.55,,,0
KN-16450,Kean Nguyen,-51,8,2171.96,5.3,6.13,271.5,,,0
EH-13765,Edward Hooks,-134,32,10310.88,13.5,3.75,322.22,,,2
SV-20785,Stewart Visinsky,-320,25,4105.31,11.8,3.64,164.21,,,0
BF-11170,Ben Ferrer,-15,37,8430.14,23.5,3.95,227.84,,,2
PS-18970,Paul Stevenson,-68,13,1278.64,15.5,4.0,98.36,,,0
SP-20650,Stephanie Phelps,-386,15,1872.44,14.3,4.73,124.83,,,0
JL-15835,John Lee,-20,34,9799.92,2.3,4.21,288.23,,,2
AG-10390,Allen Goldenen,-113,8,200.95,34.5,4.13,25.12,,,0
BP-11230,Benjamin Patterson,-38,6,1181.49,-16.7,2.33,196.92,,,1
AA-10375,Allen Armold,-18,15,1056.39,26.3,2.73,70.43,,,0
DB-13555,Dorothy Badders,-106,14,3908.8,2.8,4.36,279.2,,,0
AH-10030,Aaron Hawkins,-11,11,1744.7,20.9,4.91,158.61,,,0
LB-16795,Laurel Beltran,-151,24,4985.68,-1.0,3.17,207.74,,,0
TS-21160,Theresa Swint,-504,17,2163.62,12.1,3.53,127.27,,,0
BT-11305,Beth Thompson,-336,9,2567.66,16.3,3.67,285.3,,,0
DA-13450,Dianna Arnett,-352,8,156.76,36.2,3.38,19.6,,,0
LC-16885,Lena Creighton,-15,23,7663.13,16.8,4.04,333.18,,,2
AG-10300,Aleksandra Gannaway,-117,5,367.55,16.1,3.2,73.51,,,0
MH-17290,Marc Harrigan,-118,13,2394.03,1.2,4.23,184.16,,,0
MY-18295,Muhammed Yedwab,-70,21,4152.7,-9.0,4.24,197.75,,,1
GB-14530,George Bell,-61,20,1568.44,0.5,3.1,78.42,,,0
DS-13180,David Smith,-22,20,2881.81,5.7,3.4,144.09,,,0
AI-10855,Arianne Irving,-12,18,4375.79,19.8,4.0,243.1,,,0
LA-16780,Laura Armstrong,-153,26,8673.22,23.7,4.04,333.59,,,2
HG-14845,Harry Greene,-53,10,785.63,18.7,3.1,78.56,,,0
LL-16840,Lauren Leatherbury,-248,12,2741.2,20.4,4.17,228.43,,,0
KH-16360,Katherine Hughes,0,14,3100.61,17.0,2.86,221.47,,,0
JM-16195,Justin MacKendrick,-56,19,2833.93,26.6,3.89,149.15,,,0
AR-10510,Andrew Roberts,-13,7,264.86,16.5,4.71,37.84,,,0
CS-11860,Cari Schnelling,-161,7,537.63,19.7,2.29,76.8,,,0
NC-18415,Nathan Cano,-40,14,2218.99,-99.4,2.71,158.5,,,1
JS-15940,Joni Sundaresam,-463,8,469.17,-69.9,4.63,58.65,,,1
AA-10480,Andrew Allen,-258,12,1790.51,24.3,3.0,149.21,,,0
BS-11365,Bill Shonely,-558,9,10501.65,24.9,4.33,1166.85,,,2
PM-18940,Paul MacIntyre,-386,4,1405.4,11.2,4.0,351.35,,,0
EB-13870,Emily Burns,-99,11,2767.22,9.5,3.73,251.57,,,0
PF-19120,Peter Fuller,-834,19,9062.86,-6.8,3.95,476.99,,,2
GD-14590,Giulietta Dortch,-4,6,1888.07,12.2,4.17,314.68,,,0
SN-20710,Steve Nguyen,-78,19,3127.96,15.4,4.68,164.63,,,0
HP-14815,Harold Pawlan,-29,10,1990.31,18.8,4.4,199.03,,,0
CT-11995,Carol Triggs,-95,30,4503.62,8.9,3.47,150.12,,,0
SB-20290,Sean Braxton,-46,17,8057.89,-25.8,4.94,473.99,,,2
PG-18820,Patrick Gardner,-35,26,3086.91,4.5,3.19,118.73,,,0
AF-10885,Art Foster,-415,7,861.57,-18.9,5.29,123.08,,,1
GM-14680,Greg Matthias,-151,11,3163.63,1.1,2.82,287.6,,,0
VW-21775,Victoria Wilson,-27,18,6134.04,-14.3,4.28,340.78,,,1
PG-18895,Paul Gonzalez,-56,17,1987.16,16.8,3.59,116.89,,,0
BG-11695,Brooke Gillingham,-35,8,1874.17,5.7,3.0,234.27,,,0
HD-14785,Harold Dahlen,-768,7,251.36,-54.1,4.43,35.91,,,1
RM-19375,Raymond Messe,-345,9,1453.47,27.0,3.22,161.5,,,0
EH-14005,Erica Hernandez,-1,11,1219.53,-7.7,4.55,110.87,,,1
AG-10270,Alejandro Grove,-100,18,2720.39,29.1,4.33,151.13,,,0
NP-18325,Naresj Patel,-24,21,5529.62,21.9,3.67,263.32,,,2
AJ-10795,Anthony Johnson,-165,21,4501.39,25.7,4.19,214.35,,,0
PW-19030,Pauline Webber,-45,13,3454.92,23.3,3.69,265.76,,,0
CC-12475,Cindy Chapman,-38,13,1659.44,9.3,3.08,127.65,,,0
PA-19060,Pete Armstrong,-102,7,729.41,31.0,3.86,104.2,,,0
TT-21070,Ted Trevino,-30,14,4915.6,15.3,4.71,351.11,,,0
GA-14515,George Ashbrook,-148,14,3919.78,21.5,3.43,279.98,,,0
BS-11755,Bruce Stewart,0,14,2562.38,-4.4,3.21,183.03,,,1
JH-15820,John Huston,-173,8,528.91,4.9,3.63,66.11,,,0
TD-20995,Tamara Dahlen,-36,16,1434.55,6.1,4.19,89.66,,,0
RF-19345,Randy Ferguson,-390,16,3309.15,19.2,4.19,206.82,,,0
MC-17590,Matt Collister,-50,17,2426.07,11.9,2.76,142.71,,,0
CC-12430,Chuck Clark,1,25,4606.95,6.8,3.32,184.28,,,0
FG-14260,Frank Gastineau,-33,17,2124.78,32.6,4.12,124.99,,,0
BT-11530,Bradley Talbott,-90,10,2684.49,15.3,4.4,268.45,,,0
MW-18235,Mitch Willingham,-43,3,5253.88,31.7,4.33,1751.29,,,2
EH-14185,Evan Henry,-104,8,923.88,26.2,2.75,115.49,,,0
GT-14710,Greg Tran,-35,29,11820.12,18.3,3.66,407.59,,,2
RP-19390,Resi Pölking,-32,25,5153.08,9.0,3.52,206.12,,,2
JL-15235,Janet Lee,-118,10,2203.7,2.5,3.9,220.37,,,0
BW-11065,Barry Weirich,-211,3,385.52,-15.1,2.67,128.51,,,1
HF-14995,Herbert Flentye,-20,19,2533.16,-0.5,3.68,133.32,,,0
Dp-13240,Dean percer,-83,29,7198.76,4.6,3.41,248.23,,,2
MH-17785,Maya Herman,-97,11,2203.78,10.8,3.82,200.34,,,0
LE-16810,Laurel Elliston,-20,9,1469.45,11.0,3.56,163.27,,,0
MM-17260,Magdelene Morse,-167,6,1314.02,13.6,2.83,219.0,,,0
PJ-18835,Patrick Jones,-38,13,1220.09,36.2,3.54,93.85,,,0
SS-20410,Shahid Shariari,-109,12,3056.81,-33.1,3.83,254.73,,,1
LW-16825,Laurel Workman,-87,15,2238.06,1.5,3.33,149.2,,,0
JG-15160,James Galang,0,18,6366.39,22.2,3.89,353.69,,,2
EB-13840,Ellis Ballard,-89,8,4358.13,15.1,5.13,544.77,,,0
MC-17425,Mark Cousins,-399,10,4432.14,40.7,4.8,443.21,,,0
JK-15625,Jim Karlsson,-60,12,3760.03,20.0,3.67,313.34,,,0
DW-13480,Dianna Wilson,-216,11,5271.63,25.6,3.45,479.24,,,2
LT-17110,Liz Thompson,-33,14,2936.25,10.9,4.5,209.73,,,0
CR-12625,Corey Roper,-470,4,475.9,30.4,3.5,118.98,,,0
RE-19450,Richard Eichhorn,-301,9,876.7,23.9,5.22,97.41,,,0
SC-20725,Steven Cartwright,-186,26,5226.21,24.4,5.12,201.01,,,2
RB-19795,Ross Baird,-31,18,5633.32,-8.2,5.11,312.96,,,1
BT-11440,Bobby Trafton,-560,7,603.88,-12.8,2.29,86.27,,,1
GT-14635,Grant Thornton,-55,6,9351.21,-43.9,4.33,1558.54,,,1
BM-11785,Bryan Mills,-217,14,1338.84,10.3,3.14,95.63,,,0
SB-20170,Sarah Bern,-200,7,1348.02,11.7,3.43,192.57,,,0
VT-21700,Valerie Takahito,-999,9,1736.6,-12.9,4.67,192.96,,,1
NR-18550,Nick Radford,-209,13,2367.28,-1.1,2.85,182.1,,,0
BP-11095,Bart Pistole,-16,24,3350.87,21.0,3.54,139.62,,,0
CS-11950,Carlos Soltero,-24,22,3036.55,-4.2,3.09,138.02,,,1
RD-19480,Rick Duston,-71,15,4272.93,11.2,4.0,284.86,,,0
BH-11710,Brosina Hoffman,-22,24,6255.35,12.8,4.04,260.64,,,2
FO-14305,Frank Olsen,-37,15,2678.44,8.0,4.0,178.56,,,0
CW-11905,Carl Weiss,-21,11,1136.59,32.6,3.64,103.33,,,0
CM-12445,Chuck Magee,-436,9,287.99,22.4,3.56,32.0,,,0
HK-14890,Heather Kirkland,-150,15,4877.78,19.6,4.27,325.19,,,0
SR-20425,Sharelle Roach,-7,9,3233.48,-103.1,3.78,359.28,,,1
KL-16555,Kelly Lampkin,-15,22,5016.49,-3.6,3.82,228.02,,,1
PS-18760,Pamela Stobb,-106,21,2181.48,-6.2,3.57,103.88,,,1
SC-20575,Sonia Cooley,-91,7,902.73,11.1,4.29,128.96,,,0
GH-14425,Gary Hwang,-49,10,4172.85,28.2,5.1,417.28,,,0
JF-15415,Jennifer Ferguson,-1,14,2371.45,26.8,4.93,169.39,,,0
DB-13660,Duane Benoit,-11,10,1155.2,15.4,3.3,115.52,,,0
MC-18100,Mick Crebagga,-40,19,2218.98,-2.9,3.84,116.79,,,1
NC-19470,Neil Cohen,-27,6,382.14,-13.8,4.33,63.69,,,1
Co-12640,Corey-Lock,-549,8,1300.08,15.8,3.75,162.51,,,0
NW-18400,Natalie Webber,-171,22,7234.01,14.1,3.55,328.82,,,2
TB-21280,Toby Braunhardt,-583,11,2198.45,22.3,3.18,199.86,,,0
AA-10645,Anna Andreadi,-54,18,5086.94,16.9,3.56,282.61,,,2
DV-13465,Dianna Vittorini,-28,15,3341.59,10.6,4.13,222.77,,,0
JE-15745,Joel Eaton,-50,23,6760.82,3.3,3.91,293.95,,,2
DL-13330,Denise Leinenbach,-56,8,585.02,38.1,4.0,73.13,,,0
BS-11665,Brian Stugart,-582,11,3288.11,7.3,4.27,298.92,,,0
LP-17080,Liz Pelletier,-39,9,756.61,14.6,4.33,84.07,,,0
NS-18640,Noel Staavos,-173,26,2964.82,-7.9,4.35,114.03,,,1
GK-14620,Grace Kelly,-111,14,6497.27,22.3,4.71,464.09,,,2
LM-17065,Liz MacKendrick,-391,7,1346.77,-3.3,4.57,192.4,,,1
CA-12775,Cynthia Arntzen,-119,17,3041.57,6.7,4.24,178.92,,,0
RW-19630,Rob Williams,-88,16,3279.75,21.3,3.31,204.98,,,0
DL-12865,Dan Lawera,-99,14,1503.11,21.4,3.64,107.37,,,0
AR-10825,Anthony Rawles,-57,13,4523.34,10.9,4.15,347.95,,,0
RA-19915,Russell Applegate,-11,22,4793.54,6.4,3.41,217.89,,,0
HA-14905,Helen Abelman,-68,10,2163.3,12.5,4.5,216.33,,,0
MS-17980,Michael Stewart,-25,11,855.12,6.5,4.45,77.74,,,0
BD-11620,Brian DeCherney,-68,8,1538.11,13.4,3.38,192.26,,,0
EH-13945,Eric Hoffmann,-216,17,684.17,7.8,4.24,40.25,,,0
MS-17770,Maxwell Schwartz,-120,19,3144.68,8.9,3.84,165.51,,,0
DM-13525,Don Miller,-481,10,1376.79,14.5,3.3,137.68,,,0
DP-13390,Dennis Pardue,-358,14,5480.72,28.7,3.57,391.48,,,2
MC-17845,Michael Chen,0,14,3805.71,18.4,3.21,271.84,,,0
DC-12850,Dan Campbell,-36,18,3336.17,-43.2,3.56,185.34,,,1
BC-11125,Becky Castell,-201,18,2933.68,8.6,3.33,162.98,,,0
EP-13915,Emily Phan,-11,31,5478.06,2.6,4.0,176.71,,,2
MH-18025,Michelle Huthwaite,-48,10,2984.95,16.0,3.1,298.49,,,0
EB-13705,Ed Braxton,-47,12,3644.98,0.4,4.58,303.75,,,0
DS-13030,Darrin Sayre,-92,19,1762.21,11.0,2.84,92.75,,,0
GH-14410,Gary Hansen,-74,17,2819.47,-20.5,3.82,165.85,,,1
BM-11650,Brian Moss,-32,29,7294.19,30.2,3.28,251.52,,,2
MH-17455,Mark Hamilton,-84,11,2456.18,19.7,4.09,223.29,,,0
JK-15205,Jamie Kunitz,-60,13,4427.14,27.6,5.15,340.55,,,0
PV-18985,Paul Van Hugh,-88,13,2876.05,15.1,4.0,221.23,,,0
AC-10420,Alyssa Crouse,-231,5,925.8,-6.7,3.4,185.16,,,1
ME-17725,Max Engle,-27,13,1908.45,4.1,3.54,146.8,,,0
SS-20515,Shirley Schmidt,-491,6,613.4,32.6,6.0,102.23,,,0
BF-10975,Barbara Fisher,-90,13,599.8,37.9,2.92,46.14,,,0
AW-10930,Arthur Wiediger,-45,16,2852.97,-3.7,4.25,178.31,,,1
PB-19150,Philip Brown,-96,11,1456.95,19.3,4.91,132.45,,,0
AH-10120,Adrian Hane,-59,16,1735.51,-0.1,4.06,108.47,,,0
JL-15130,Jack Lebron,-7,12,1214.96,-17.1,3.5,101.25,,,1
CA-12310,Christine Abelman,-12,11,1421.95,17.3,2.27,129.27,,,0
EM-14140,Eugene Moren,-47,21,4588.44,28.8,3.52,218.5,,,0
KM-16375,Katherine Murray,-55,20,5620.19,17.3,3.45,281.01,,,2
CC-12145,Charles Crestani,-105,11,2471.65,15.9,2.82,224.7,,,0
SW-20245,Scot Wooten,-80,10,1085.08,-1.8,3.3,108.51,,,0
RD-19720,Roger Demir,-20,20,1419.74,14.6,3.9,70.99,,,0
ME-18010,Michelle Ellison,-91,6,1256.94,8.5,2.5,209.49,,,0
HM-14860,Harry Marie,-1,20,8236.76,29.6,3.8,411.84,,,2
EM-14065,Erin Mull,-46,6,228.99,17.5,3.67,38.17,,,0
AB-10255,Alejandro Ballentine,-165,14,914.53,28.9,2.79,65.32,,,0
JL-15850,John Lucas,-614,11,2725.26,28.6,3.45,247.75,,,0
AG-10900,Arthur Gainer,-95,21,4510.8,7.6,4.38,214.8,,,0
NC-18535,Nick Crebassa,-5,15,8241.74,16.0,4.27,549.45,,,2
KL-16645,Ken Lonsdale,-46,29,14175.23,5.7,3.9,488.8,,,2
SG-20470,Sheri Gordon,-182,14,1884.8,-6.3,4.43,134.63,,,1
LF-17185,Luke Foster,-21,16,3930.51,-91.2,4.31,245.66,,,1
CL-11890,Carl Ludwig,-105,7,1262.01,26.0,3.43,180.29,,,0
AS-10045,Aaron Smayling,-87,10,3050.69,-8.3,4.8,305.07,,,1
BB-10990,Barry Blumstein,-104,8,744.34,1.6,3.25,93.04,,,0
TS-21430,Tom Stivers,-171,7,2054.14,2.4,4.43,293.45,,,0
IL-15100,Ivan Liston,-141,14,5040.74,22.3,4.29,360.05,,,2
AS-10630,Ann Steele,-91,12,833.4,16.4,2.83,69.45,,,0
NZ-18565,Nick Zandusky,-84,20,2488.31,16.2,3.85,124.42,,,0
BK-11260,Berenike Kampe,-76,16,659.14,-9.7,3.63,41.2,,,1
VD-21670,Valerie Dominguez,-581,16,6442.25,25.1,4.44,402.64,,,2
RS-19420,Ricardo Sperren,-75,9,3221.29,19.7,3.22,357.92,,,0
CS-12130,Chad Sievert,-489,7,884.64,16.3,4.0,126.38,,,0
GZ-14470,Gary Zandusky,-6,14,4355.15,25.0,3.43,311.08,,,0
SS-20590,Sonia Sunley,-432,9,418.49,32.4,1.89,46.5,,,0
RF-19735,Roland Fjeld,-88,14,2341.3,30.4,3.79,167.24,,,0
TB-21625,Trudy Brown,-29,15,2797.67,13.6,4.0,186.51,,,0
VG-21790,Vivek Gonzalez,-153,8,846.01,17.0,4.0,105.75,,,0
MB-17305,Maria Bertelson,-47,19,1548.7,13.7,3.32,81.51,,,0
LR-16915,Lena Radford,-25,16,5142.89,10.4,4.0,321.43,,,2
MA-17560,Matt Abelman,-63,34,4299.16,28.8,3.44,126.45,,,0
DB-13405,Denny Blanton,-143,26,3674.68,33.2,3.85,141.33,,,0
JH-15985,Joseph Holt,-28,14,7955.0,-8.1,4.57,568.21,,,2
ED-13885,Emily Ducich,-134,14,3484.92,19.2,3.86,248.92,,,0
GM-14500,Gene McClure,-105,13,1255.68,35.1,4.08,96.59,,,0
AG-10525,Andy Gerbode,-844,9,1455.04,-10.5,3.67,161.67,,,1
MG-17650,Matthew Grinstein,-28,14,3785.28,9.0,4.07,270.38,,,0
BW-11200,Ben Wallace,-202,10,1738.41,14.2,4.9,173.84,,,0
DH-13675,Duane Huffman,-775,11,1043.1,11.2,3.73,94.83,,,0
CS-12175,Charles Sheldon,-231,8,844.46,13.4,3.75,105.56,,,0
CS-12355,Christine Sundaresam,-5,22,3202.16,26.0,3.36,145.55,,,0
KH-16510,Keith Herrera,-21,23,5952.86,11.0,3.96,258.82,,,2
TS-21610,Troy Staebel,-54,11,2820.42,-10.4,4.0,256.4,,,1
DJ-13510,Don Jones,-47,13,2501.69,13.8,4.0,192.44,,,0
LH-16900,Lena Hernandez,-20,15,2295.33,22.9,4.27,153.02,,,0
JB-15400,Jennifer Braxton,-6,18,1830.49,9.5,2.72,101.69,,,0
DO-13645,Doug O'Connell,-25,13,2043.3,32.2,2.92,157.18,,,0
CR-12730,Craig Reiter,-77,6,1600.55,19.2,3.0,266.76,,,0
DE-13255,Deanra Eno,-718,9,2550.87,18.2,4.22,283.43,,,0
JP-15520,Jeremy Pistek,-7,16,3635.59,20.8,3.94,227.22,,,0
AP-10915,Arthur Prichep,-97,31,3323.56,17.4,3.29,107.21,,,0
RB-19645,Robert Barroso,-648,7,221.08,32.9,4.14,31.58,,,0
RH-19495,Rick Hansen,-31,8,3621.38,15.6,4.75,452.67,,,0
JP-15460,Jennifer Patt,-36,15,1669.14,25.7,3.6,111.28,,,0
DW-13585,Dorothy Wardle,-241,10,1204.85,-22.2,4.4,120.49,,,1
JM-15265,Janet Molinari,-36,13,1804.15,27.9,4.0,138.78,,,0
JE-15715,Joe Elijah,-45,30,10461.46,13.8,4.3,348.72,,,2
RC-19960,Ryan Crowe,-109,11,885.75,1.2,4.0,80.52,,,0
MW-18220,Mitch Webber,-16,14,5341.9,23.2,3.64,381.56,,,2
KB-16315,Karl Braun,-295,22,1569.46,3.2,2.82,71.34,,,0
PP-18955,Paul Prost,-96,34,7252.61,20.6,4.06,213.31,,,2
FM-14290,Frank Merwin,-35,20,3736.2,5.3,3.95,186.81,,,0
CC-12610,Corey Catlett,-33,12,2540.63,13.0,3.25,211.72,,,0
ZD-21925,Zuschuss Donatelli,-201,9,1493.94,16.7,3.56,165.99,,,0
RA-19945,Ryan Akin,-60,9,1686.92,-26.4,3.0,187.44,,,1
HH-15010,Hilary Holden,-71,6,218.67,39.7,3.33,36.44,,,0
AT-10735,Annie Thurman,-12,16,3831.86,25.4,3.75,239.49,,,0
SJ-20500,Shirley Jackson,-252,7,1318.78,5.2,4.29,188.4,,,0
LT-16765,Larry Tron,-25,3,329.88,17.9,2.67,109.96,,,0
KD-16345,Katherine Ducich,-40,10,1888.96,17.4,3.6,188.9,,,0
MR-17545,Mathew Reese,-124,6,639.18,25.5,4.83,106.53,,,0
PR-18880,Patrick Ryan,-35,12,1840.18,13.5,3.58,153.35,,,0
NP-18700,Nora Preis,-137,13,7903.18,8.0,4.85,607.94,,,2
VP-21760,Victoria Pisteka,-74,14,3360.53,-30.3,4.64,240.04,,,1
SZ-20035,Sam Zeldin,-34,20,3625.33,10.1,3.45,181.27,,,0
LR-17035,Lisa Ryan,-131,12,1879.31,-20.4,3.67,156.61,,,1
DK-13375,Dennis Kane,-18,23,3318.49,11.4,3.35,144.28,,,0
MC-17275,Marc Crier,-75,13,2725.98,16.9,4.15,209.69,,,0
BM-11140,Becky Martin,-307,16,11789.63,-14.1,4.0,736.85,,,2
KT-16465,Kean Takahito,-391,14,3057.1,8.3,3.21,218.36,,,0
SP-20620,Stefania Perrino,-46,24,5440.32,-5.0,3.21,226.68,,,2
LH-17020,Lisa Hazard,-238,6,318.24,-76.3,5.67,53.04,,,1
KC-16255,Karen Carlisle,-407,10,2120.95,39.9,4.0,212.1,,,0
RR-19525,Rick Reed,-169,10,3302.26,21.9,3.6,330.23,,,0
LC-17140,Logan Currie,-12,19,2633.58,8.8,3.26,138.61,,,0
MS-17365,Maribeth Schnelling,-272,24,7443.69,11.4,4.38,310.15,,,2
CC-12220,Chris Cortes,-19,22,3913.42,10.1,3.68,177.88,,,0
DL-12925,Daniel Lacy,-56,14,3272.2,0.1,3.07,233.73,,,0
SF-20065,Sandra Flanagan,-58,9,763.55,29.9,3.89,84.84,,,0
AR-10345,Alex Russell,-110,7,1073.35,-20.1,3.0,153.34,,,1
LW-17125,Liz Willingham,-204,5,1259.04,15.3,3.0,251.81,,,0
LW-17215,Luke Weiss,-20,15,5420.51,15.4,3.93,361.37,,,2
TA-21385,Tom Ashbrook,-68,10,14595.62,32.2,3.6,1459.56,,,2
BN-11470,Brad Norvell,-23,6,265.3,13.8,2.5,44.22,,,0
PT-19090,Pete Takahito,-70,7,160.57,-12.5,2.71,22.94,,,1
EA-14035,Erin Ashbrook,-151,25,2846.71,-1.9,3.48,113.87,,,0
JM-15535,Jessica Myrick,-101,12,2070.06,19.1,4.5,172.51,,,0
ON-18715,Odella Nelson,-410,15,1567.52,-0.4,3.87,104.5,,,0
JC-15775,John Castell,-157,16,2772.06,10.1,4.0,173.25,,,0
DM-13015,Darrin Martin,-56,20,6345.1,26.4,4.35,317.26,,,2
AJ-10960,Astrea Jones,-73,5,629.25,9.6,4.4,125.85,,,0
MF-18250,Monica Federle,-6,12,1758.3,26.0,3.17,146.53,,,0
JA-15970,Joseph Airdo,-91,24,6491.03,-12.6,3.63,270.46,,,2
AG-10765,Anthony Garverick,-76,5,170.58,-4.9,4.0,34.12,,,1
JK-15640,Jim Kriz,-179,12,4760.43,24.6,3.42,396.7,,,0
FA-14230,Frank Atkinson,-96,17,2984.05,17.4,3.41,175.53,,,0
MC-18130,Mike Caudle,-369,11,1582.0,7.7,3.09,143.82,,,0
DN-13690,Duane Noonan,-216,11,2139.79,25.3,3.73,194.53,,,0
SB-20185,Sarah Brown,-187,12,6411.0,13.8,3.75,534.25,,,2
PF-19165,Philip Fox,-195,10,2770.0,7.1,3.4,277.0,,,0
MA-17995,Michelle Arnett,-185,12,2453.28,11.4,3.5,204.44,,,0
ES-14020,Erica Smith,-39,8,3510.46,28.6,3.88,438.81,,,0
HG-14965,Henry Goldwyn,-22,17,3247.64,-86.2,4.0,191.04,,,1
SL-20155,Sara Luxemburg,-69,9,3053.01,17.3,3.33,339.22,,,0
LH-16750,Larry Hughes,-150,3,287.43,4.4,4.0,95.81,,,0
JG-15115,Jack Garza,-757,7,2358.68,29.0,2.86,336.95,,,0
AS-10090,Adam Shillingsburg,-27,25,3255.31,2.0,3.24,130.21,,,0
VG-21805,Vivek Grady,-285,6,427.37,-12.2,2.67,71.23,,,1
TT-21220,Thomas Thornton,-182,15,1427.04,19.5,3.67,95.14,,,0
JP-16135,Julie Prescott,-101,13,1707.71,18.1,3.62,131.36,,,0
TH-21115,Thea Hudgings,-57,9,2942.77,-8.6,3.22,326.97,,,1
JD-16060,Julia Dunbar,-299,6,695.44,16.0,2.83,115.91,,,0
MT-18070,Michelle Tran,-202,11,1319.45,-1.8,4.0,119.95,,,0
BF-11005,Barry Franz,-38,10,1333.88,-21.8,2.6,133.39,,,1
KF-16285,Karen Ferguson,-96,18,10604.27,15.7,3.72,589.13,,,2
NB-18580,Nicole Brennan,-1164,2,273.87,9.1,3.5,136.94,,,0
CS-12400,Christopher Schild,-1,14,3651.86,-9.4,3.36,260.85,,,1
TH-21100,Thea Hendricks,-344,7,2422.82,-5.6,4.14,346.12,,,1
KD-16495,Keith Dawkins,-111,28,8181.26,37.1,3.0,292.19,,,2
GZ-14545,George Zrebassa,-156,9,2529.11,34.0,4.22,281.01,,,0
LD-17005,Lisa DeCherney,-414,7,1961.93,28.4,3.57,280.28,,,0
SM-20950,Suzanne McNair,-24,24,5695.79,10.7,4.29,237.32,,,2
EB-14170,Evan Bailliet,-81,7,1186.33,23.8,2.86,169.48,,,0
KW-16570,Kelly Williams,-770,5,449.1,24.0,4.4,89.82,,,0
DM-12955,Dario Medina,-113,9,1322.03,8.2,3.11,146.89,,,0
DB-13615,Doug Bickford,-32,11,1989.05,22.1,3.73,180.82,,,0
ES-14080,Erin Smith,-27,20,4657.92,5.3,3.85,232.9,,,0
AR-10405,Allen Rosenblatt,-124,7,2236.13,-4.4,4.14,319.45,,,1
BP-11290,Beth Paige,-11,16,2475.16,-12.9,3.19,154.7,,,1
RD-19930,Russell D'Ascenzo,-41,10,970.94,3.6,3.3,97.09,,,0
DO-13435,Denny Ordway,-132,13,1300.03,-3.0,3.69,100.0,,,1
DF-13135,David Flashing,-699,6,2390.53,-10.8,3.83,398.42,,,1
JD-16015,Joy Daniels,-111,11,385.43,6.9,3.55,35.04,,,0
BD-11635,Brian Derr,-8,5,582.65,24.3,3.8,116.53,,,0
GG-14650,Greg Guthrie,-42,36,8584.09,16.5,3.69,238.45,,,2
AM-10360,Alice McCarthy,-27,12,814.01,24.0,4.0,67.83,,,0
TN-21040,Tanja Norvell,-89,12,3130.22,-22.1,4.0,260.85,,,1
FC-14335,Fred Chung,-183,10,3889.37,18.4,3.7,388.94,,,0
HA-14920,Helen Andreada,-19,18,2584.16,3.8,4.0,143.56,,,0
JF-15565,Jill Fjeld,-53,16,4198.33,25.6,4.19,262.4,,,0
BP-11050,Barry Pond,-82,7,983.42,21.3,4.29,140.49,,,0
ZC-21910,Zuschuss Carroll,-53,31,8025.71,-12.9,3.39,258.89,,,2
SP-20545,Sibella Parks,-327,10,1306.09,-9.1,4.3,130.61,,,1
TC-21295,Toby Carlisle,-26,16,4266.81,14.2,3.94,266.68,,,0
HG-15025,Hunter Glantz,-5,11,3690.28,21.8,3.45,335.48,,,0
JE-15610,Jim Epp,-47,20,7754.98,20.9,3.7,387.75,,,2
AC-10660,Anna Chung,-281,6,657.32,-4.4,2.67,109.55,,,1
LS-17245,Lynn Smith,-33,12,1008.14,34.6,3.92,84.01,,,0
TB-21520,Tracy Blumstein,-106,20,4737.49,-33.8,4.25,236.87,,,1
AS-10225,Alan Schoenberger,-21,13,4260.78,16.9,3.15,327.75,,,0
LS-17200,Luke Schmidt,-95,14,1010.26,24.2,3.86,72.16,,,0
IG-15085,Ivan Gibson,-70,7,744.57,43.0,2.71,106.37,,,0
RP-19270,Rachel Payne,-496,12,954.65,6.2,3.92,79.55,,,0
JF-15490,Jeremy Farry,-120,15,1082.92,-1.7,2.4,72.19,,,0
EH-14125,Eugene Hildebrand,-71,22,3143.48,3.7,3.82,142.89,,,0
MP-17965,Michael Paige,-71,24,4198.83,15.9,3.08,174.95,,,0
FH-14365,Fred Hopkins,-4,13,6987.2,29.3,4.0,537.48,,,2
LS-16975,Lindsay Shagiari,-19,22,2988.67,8.8,2.86,135.85,,,0
SF-20965,Sylvia Foulston,-47,17,3336.54,16.2,3.88,196.27,,,0
MG-17680,Maureen Gastineau,-91,10,2350.19,1.1,2.5,235.02,,,0
DB-12910,Daniel Byrd,-20,12,2171.6,19.9,3.92,180.97,,,0
AH-10585,Angele Hood,-20,5,738.5,11.4,3.4,147.7,,,0
RD-19810,Ross DeVincentis,-13,16,1137.62,28.0,3.94,71.1,,,0
TS-21370,Todd Sumrall,-35,15,11891.75,19.9,3.93,792.78,,,2
BT-11395,Bill Tyler,-301,10,2186.61,11.8,3.8,218.66,,,0
NC-18625,Noah Childs,-203,9,1821.74,-19.7,3.22,202.42,,,1
AM-10705,Anne McFarland,-161,22,5664.02,19.2,3.68,257.46,,,2
AC-10450,Amy Cox,-10,9,5527.85,24.7,4.78,614.21,,,2
NL-18310,Nancy Lomonaco,-57,10,1418.09,24.2,4.4,141.81,,,0
DG-13300,Deirdre Greer,-31,8,3195.82,17.6,4.88,399.48,,,0
KH-16630,Ken Heidel,-57,17,3918.97,18.6,4.94,230.53,,,0
PL-18925,Paul Lucas,-14,8,239.48,-0.3,3.63,29.94,,,0
SH-20395,Shahid Hopkins,-22,15,2180.72,-6.6,3.0,145.38,,,1
SW-20755,Steven Ward,-534,8,758.7,9.0,3.38,94.84,,,0
JK-16120,Julie Kriz,-116,17,2932.48,4.2,2.88,172.5,,,0
PO-18850,Patrick O'Brill,-3,22,7473.83,0.5,4.14,339.72,,,2
TC-21535,Tracy Collins,-3,10,742.56,29.3,2.8,74.26,,,0
DM-13345,Denise Monton,-21,13,4074.47,32.4,3.15,313.42,,,0
MS-17530,MaryBeth Skach,-434,7,475.66,17.7,3.0,67.95,,,0
WB-21850,William Brown,-19,41,6327.27,10.9,3.76,154.32,,,2
TH-21235,Tiffany House,-116,13,1022.2,9.1,3.08,78.63,,,0
BG-11035,Barry Gonzalez,-27,12,2798.95,-25.4,2.92,233.25,,,1
MD-17350,Maribeth Dona,-116,17,3766.38,-6.4,3.76,221.55,,,1
TC-20980,Tamara Chand,-399,12,19052.22,47.1,3.5,1587.68,,,2
BF-11215,Benjamin Farhat,-64,8,1585.16,33.0,6.0,198.15,,,0
TZ-21580,Tracy Zic,-25,17,2234.95,15.6,4.06,131.47,,,0
KD-16270,Karen Daniels,-484,16,8282.36,13.4,4.0,517.65,,,2
PK-19075,Pete Kriz,-8,25,8646.93,23.6,4.28,345.88,,,2
DB-12970,Darren Budd,-240,14,2839.23,7.5,3.07,202.8,,,0
RF-19840,Roy Französisch,-5,11,945.22,29.6,4.09,85.93,,,0
RM-19675,Robert Marley,-5,11,5979.1,31.8,3.55,543.55,,,2
JL-15505,Jeremy Lonsdale,-48,17,3173.87,18.6,3.29,186.7,,,0
ML-17410,Maris LaWare,-53,15,2921.5,-2.6,3.4,194.77,,,1
CM-11815,Candace McMahon,-130,10,1673.89,12.8,3.8,167.39,,,0
JF-15190,Jamie Frazer,-64,19,2279.59,25.2,3.79,119.98,,,0
PB-19105,Peter Bühler,-56,5,688.32,31.7,3.6,137.66,,,0
JD-16150,Justin Deggeller,-40,17,8828.03,18.3,3.53,519.3,,,2
AB-10165,Alan Barnes,-9,16,1215.02,21.6,3.38,75.94,,,0
AH-10075,Adam Hart,-33,20,3250.34,8.7,3.75,162.52,,,0
RH-19510,Rick Huthwaite,-467,12,6979.18,18.5,3.58,581.6,,,2
RB-19330,Randy Bradley,-67,6,1008.2,-16.3,2.67,168.03,,,1
YC-21895,Yoseph Carroll,-3,8,5454.35,23.9,3.88,681.79,,,2
JK-15730,Joe Kamberova,-83,20,4867.2,1.1,4.4,243.36,,,0
MK-17905,Michael Kennedy,-27,17,2302.37,-17.6,4.29,135.43,,,1
PW-19240,Pierre Wener,-464,12,3922.42,32.9,3.25,326.87,,,0
AB-10600,Ann Blume,-49,8,1515.86,-18.1,4.75,189.48,,,1
JC-16105,Julie Creighton,-56,9,858.58,23.5,4.78,95.4,,,0
GR-14560,Georgia Rosenberg,-1134,5,1284.38,28.0,4.6,256.88,,,0
DB-13360,Dennis Bolton,-263,6,1081.47,26.9,4.67,180.24,,,0
AD-10180,Alan Dominguez,-28,12,6106.88,30.6,3.33,508.91,,,2
JM-15865,John Murray,-108,13,7625.08,20.7,3.85,586.54,,,2
DH-13075,Dave Hallsten,-276,23,4932.87,24.2,3.52,214.47,,,0
JK-15325,Jason Klamczynski,-286,4,383.81,14.4,3.75,95.95,,,0
SC-20680,Steve Carroll,-125,8,1254.64,29.5,3.25,156.83,,,0
TC-21475,Tony Chapman,-152,11,1244.98,9.6,4.09,113.18,,,0
SP-20920,Susan Pistek,-69,14,3990.69,0.4,4.07,285.05,,,0
SS-20140,Saphhira Shifley,-14,21,1324.03,25.1,4.1,63.05,,,0
SM-20005,Sally Matthias,-421,6,244.49,-10.9,4.33,40.75,,,1
PB-19210,Phillip Breyer,-687,2,132.74,16.5,5.0,66.37,,,0
NG-18355,Nat Gilpin,-47,16,1869.58,16.8,2.81,116.85,,,0
NG-18430,Nathan Gelder,-47,9,1395.94,15.6,4.56,155.1,,,0
AT-10435,Alyssa Tate,-20,9,1171.81,8.6,3.11,130.2,,,0
HR-14830,Harold Ryan,-158,14,5248.79,22.8,3.64,374.91,,,2
DK-12985,Darren Koutras,-6,8,1687.04,-6.4,4.0,210.88,,,1
JP-11135,James Peterman,0,6,515.2,36.2,7.5,85.87,,,0
AR-10540,Andy Reiter,-5,9,6608.45,43.7,3.67,734.27,,,2
BF-11080,Bart Folk,-24,6,272.95,40.6,4.83,45.49,,,0
MO-17500,Mary O'Rourke,-71,5,922.49,6.4,3.0,184.5,,,0
MC-17635,Matthew Clasen,-188,8,795.15,-31.2,4.13,99.39,,,1
BT-11680,Brian Thompson,-19,20,3196.75,14.0,4.4,159.84,,,0
BS-11380,Bill Stewart,-27,13,3887.83,-0.5,4.46,299.06,,,0
AH-10210,Alan Hwang,-5,13,4805.34,27.2,4.08,369.64,,,0
TR-21325,Toby Ritter,-192,7,675.94,32.6,3.14,96.56,,,0
DP-13165,David Philippe,-811,4,1058.62,-3.9,5.0,264.65,,,1
MD-17860,Michael Dominguez,-35,8,1204.91,-0.3,5.63,150.61,,,0
MC-17575,Matt Collins,-26,11,1303.89,16.2,3.64,118.54,,,0
EM-13825,Elizabeth Moffitt,-54,16,2339.6,29.2,3.56,146.22,,,0
KN-16390,Katherine Nockton,-18,17,2617.27,-5.8,3.29,153.96,,,1
MK-19560,Michael Knudson,-27,8,225.7,-32.8,6.0,28.21,,,1
CP-12085,Cathy Prescott,-81,14,5402.25,7.9,4.07,385.88,,,2
JB-15925,Joni Blumstein,-736,8,900.55,-31.9,4.0,112.57,,,1
RL-19615,Rob Lucas,-120,24,6234.91,7.8,4.21,259.79,,,2
NB-18655,Nona Balk,-18,17,1972.6,6.0,3.76,116.04,,,0
RC-19825,Roy Collins,-369,10,966.41,6.6,2.9,96.64,,,0
DK-13150,David Kendrick,-9,5,797.83,31.3,4.0,159.57,,,0
FP-14320,Frank Preis,-22,14,4046.75,10.0,3.86,289.05,,,0
DJ-13420,Denny Joy,-637,5,2012.52,24.0,4.0,402.5,,,0
TB-21250,Tim Brockman,-349,19,1602.38,16.3,3.89,84.34,,,0
TB-21175,Thomas Boland,-57,11,3589.3,23.1,3.27,326.3,,,0
SH-19975,Sally Hughsby,-28,29,3406.84,16.4,3.9,117.48,,,0
LH-17155,Logan Haushalter,-385,19,1739.69,18.2,2.32,91.56,,,0
CY-12745,Craig Yedwab,-59,11,2900.03,2.1,3.91,263.64,,,0
KC-16675,Kimberly Carter,-56,7,1146.05,13.7,5.71,163.72,,,0
RA-19285,Ralph Arnett,-4,17,2617.91,20.9,3.41,153.99,,,0
SS-20875,Sung Shariari,-119,15,964.64,-7.8,2.6,64.31,,,1
CS-11845,Cari Sayre,-90,8,1278.95,14.5,2.75,159.87,,,0
SP-20860,Sung Pak,-78,24,4282.94,13.2,3.33,178.46,,,0
SH-20635,Stefanie Holloman,-764,2,2096.39,12.4,8.0,1048.2,,,0
CC-12100,Chad Cunningham,-457,13,1770.95,11.8,3.54,136.23,,,0
SC-20305,Sean Christensen,-28,12,3979.07,5.8,5.33,331.59,,,0
SC-20695,Steve Chapman,-88,14,2576.41,23.7,4.71,184.03,,,0
EC-14050,Erin Creighton,-52,7,461.91,20.9,5.29,65.99,,,0
IM-15070,Irene Maddox,-390,21,4930.47,10.4,4.43,234.78,,,0
MK-18160,Mike Kennedy,-239,11,1031.6,22.1,3.91,93.78,,,0
TS-21505,Tony Sayre,-10,14,2243.27,0.5,3.86,160.23,,,0
PS-19045,Penelope Sewall,-235,13,6843.63,25.5,3.62,526.43,,,2
AB-10105,Adrian Barton,-40,20,14473.57,37.6,3.65,723.68,,,2
KM-16660,Khloe Miller,-14,9,453.54,20.1,3.33,50.39,,,0
TW-21025,Tamara Willingham,-63,12,5278.83,14.0,4.75,439.9,,,2
CC-12670,Craig Carreira,-28,14,2269.7,8.3,3.36,162.12,,,0
SF-20200,Sarah Foster,-58,15,3422.79,8.4,4.93,228.19,,,0
CK-12595,Clytie Kelty,-42,25,2372.75,21.0,4.32,94.91,,,0
MG-17695,Maureen Gnade,-555,7,1342.28,-29.7,3.29,191.75,,,1
TB-21190,Thomas Brumley,-48,4,816.17,21.9,5.75,204.04,,,0
MG-17890,Michael Granlund,-98,13,776.38,22.1,2.69,59.72,,,0
RE-19405,Ricardo Emerson,-1096,1,48.36,12.5,5.0,48.36,,,0
DC-13285,Debra Catini,-22,7,1174.62,11.2,5.29,167.8,,,0
BG-18435,Bruce Galang,0,12,609.88,34.2,3.75,50.82,,,0
KB-16600,Ken Brennan,0,9,983.92,29.8,3.22,109.32,,,0
MF-17665,Maureen Fritzler,-421,8,937.04,-36.4,4.5,117.13,,,1
HO-15230,Harry Olson,1,2,6.05,-20.0,3.0,3.02,,,1
PC-18745,Pamela Coakley,-1,5,1832.06,14.9,4.4,366.41,,,0
JL-15175,James Lanier,-5,7,1571.52,13.3,4.14,224.5,,,0
CB-12535,Claudia Bergmann,-196,19,4246.46,24.7,3.89,223.5,,,0
AH-10465,Amy Hunt,-229,8,2495.39,-7.9,4.38,311.92,,,1
AG-10495,Andrew Gjertsen,-77,21,2356.86,12.5,4.43,112.23,,,0
CS-12490,Cindy Schnelling,-424,9,1077.23,-28.1,3.67,119.69,,,1
YS-21880,Yana Sorensen,-8,12,6720.44,26.5,4.83,560.04,,,2
KS-16300,Karen Seio,-294,4,88.47,0.1,2.5,22.12,,,0
CR-12820,Cyra Reiten,-84,7,1397.87,6.0,3.71,199.7,,,0
RW-19540,Rick Wilson,-119,23,7397.4,21.4,3.87,321.63,,,2
TS-21655,Trudy Schmidt,-237,14,3368.09,6.6,3.71,240.58,,,0
LO-17170,Lori Olson,-1,9,644.35,23.3,3.78,71.59,,,0
SJ-20215,Sarah Jordon,-28,10,1341.04,-1.8,3.5,134.1,,,0
GT-14755,Guy Thornton,-33,7,226.44,-2.7,3.29,32.35,,,1
LC-16960,Lindsay Castell,-436,7,3246.63,9.2,4.29,463.8,,,0
NP-18670,Nora Paige,-57,10,3908.4,13.2,4.6,390.84,,,0
TP-21565,Tracy Poddar,-350,10,1936.64,7.2,4.8,193.66,,,0
DK-13090,Dave Kipp,-41,13,2650.56,20.2,2.54,203.89,,,0
AH-10195,Alan Haines,-54,8,1587.45,-23.8,3.5,198.43,,,1
JJ-15445,Jennifer Jackson,-483,6,709.18,28.3,4.17,118.2,,,0
DK-12895,Dana Kaydos,-44,15,4282.18,21.9,4.33,285.48,,,0
TG-21310,Toby Gnade,-337,9,3058.37,22.3,3.33,339.82,,,0
EB-13750,Edward Becker,-34,20,3236.31,-2.5,4.55,161.82,,,1
JE-15475,Jeremy Ellison,-192,13,1388.68,19.9,3.77,106.82,,,0
CM-12385,Christopher Martinez,-36,10,8954.02,43.6,3.4,895.4,,,2
CM-12655,Corinna Mitchell,-26,10,6339.56,24.8,4.2,633.96,,,2
JO-15550,Jesus Ocampo,-214,11,1090.84,15.4,3.82,99.17,,,0
BW-11110,Bart Watters,-120,17,4750.36,19.4,4.35,279.43,,,0
JW-16075,Julia West,-461,7,1428.73,10.8,5.43,204.1,,,0
FW-14395,Fred Wasserman,-362,3,79.75,29.5,3.0,26.58,,,0
DB-13210,Dean Braden,-8,21,2332.58,7.3,3.57,111.08,,,0
BP-11185,Ben Peterman,0,18,3675.86,9.9,3.83,204.21,,,0
BV-11245,Benjamin Venier,-334,14,1523.27,20.7,3.5,108.81,,,0
CM-12115,Chad McGuire,-7,7,1661.61,24.6,5.0,237.37,,,0
MO-17950,Michael Oakman,-179,4,154.29,-53.2,3.5,38.57,,,1
JD-15790,John Dryer,-116,7,2152.35,-12.4,3.71,307.48,,,1
RD-19660,Robert Dilbeck,-113,5,2786.63,30.0,4.6,557.33,,,0
EB-14110,Eugene Barchas,-112,11,3071.13,6.0,2.73,279.19,,,0
HJ-14875,Heather Jas,-125,6,358.1,27.5,3.5,59.68,,,0
AW-10840,Anthony Witt,-19,8,649.38,10.1,3.0,81.17,,,0
TP-21130,Theone Pippenger,-7,16,4454.06,25.4,3.44,278.38,,,0
OT-18730,Olvera Toch,-64,10,3818.62,-24.2,5.1,381.86,,,1
JK-16090,Juliana Krohn,-27,9,3747.67,15.7,4.78,416.41,,,0
LS-16945,Linda Southworth,-177,14,2845.27,-11.2,3.64,203.23,,,1
DB-13120,David Bremer,-47,14,2973.09,-47.8,4.21,212.36,,,1
JB-16045,Julia Barnett,-6,9,2518.12,8.0,3.56,279.79,,,0
LC-16870,Lena Cacioppo,-26,30,2580.7,-7.3,3.77,86.02,,,1
SV-20815,Stuart Van,-75,6,1271.09,15.7,4.0,211.85,,,0
AG-10675,Anna Gayman,-96,15,3489.04,-7.1,3.6,232.6,,,1
RO-19780,Rose O'Brian,-34,12,3815.48,-33.1,4.0,317.96,,,1
JH-16180,Justin Hirsh,-404,5,2256.39,-4.3,5.6,451.28,,,1
NK-18490,Neil Knudson,-69,11,572.05,21.2,4.64,52.0,,,0
EN-13780,Edward Nazzal,-286,9,2199.37,22.6,3.0,244.37,,,0
BD-11560,Brendan Dodson,-277,4,320.54,36.4,2.75,80.14,,,0
BD-11320,Bill Donatelli,-32,19,5718.52,19.1,3.95,300.97,,,2
ML-18265,Muhammed Lee,-99,3,162.23,26.3,2.33,54.08,,,0
CG-12040,Catherine Glotzbach,-48,9,904.47,9.6,4.11,100.5,,,0
BP-11155,Becky Pak,-88,11,1697.86,38.1,2.91,154.35,,,0
BB-11545,Brenda Bowman,-27,20,6765.73,15.0,4.15,338.29,,,2
EM-13810,Eleni McCrary,-131,7,2567.01,-5.2,3.29,366.72,,,1
MJ-17740,Max Jones,-21,15,6320.75,16.7,3.33,421.38,,,2
GB-14575,Giulietta Baptist,-12,16,4716.29,24.1,3.94,294.77,,,0
JH-15910,Jonathan Howell,-40,9,959.48,-1.4,3.89,106.61,,,0
FC-14245,Frank Carlisle,-69,14,3418.74,35.6,3.57,244.2,,,0
SN-20560,Skye Norling,-110,15,1860.42,-38.5,4.47,124.03,,,1
SC-20770,Stewart Carmichael,-40,21,4492.66,-14.9,3.57,213.94,,,1
SW-20455,Shaun Weien,-161,9,2921.54,27.2,2.0,324.62,,,0
CH-12070,Cathy Hwang,-690,4,1537.24,12.7,3.25,384.31,,,0
RH-19600,Rob Haberlin,-534,11,2085.74,8.3,3.91,189.61,,,0
BD-11725,Bruce Degenhardt,-92,10,1526.5,21.9,2.9,152.65,,,0
VP-21730,Victor Preis,-29,5,993.9,20.7,3.6,198.78,,,0
KM-16225,Kalyca Meade,-13,19,2260.96,28.1,3.79,119.0,,,0
FM-14380,Fred McMath,-20,18,2732.0,8.0,3.5,151.78,,,0
VB-21745,Victoria Brennan,-53,10,2005.6,18.5,3.7,200.56,,,0
TS-21085,Thais Sissman,-357,2,4.83,-68.7,2.0,2.42,,,1
RK-19300,Ralph Kennedy,-118,8,1460.19,18.5,3.63,182.52,,,0
BE-11455,Brad Eason,-253,13,1727.65,8.1,3.08,132.9,,,0
PN-18775,Parhena Norris,-29,13,1467.15,13.1,3.62,112.86,,,0
EM-14095,Eudokia Martin,-112,10,1041.04,23.1,3.4,104.1,,,0
PO-19180,Philisse Overcash,-159,18,4893.04,23.6,3.61,271.84,,,0
TT-21265,Tim Taslimi,-406,3,439.5,21.4,2.67,146.5,,,0
JW-15955,Joni Wasserman,-4,11,1244.09,-2.4,3.73,113.1,,,1
SC-20440,Shaun Chance,-35,10,1875.0,20.2,4.4,187.5,,,0
RB-19705,Roger Barcio,-53,7,2067.45,11.8,3.14,295.35,,,0
DP-13105,Dave Poirier,-5,14,2215.0,25.4,4.5,158.21,,,0
FH-14350,Fred Harton,-211,14,2271.28,31.1,3.71,162.23,,,0
KW-16435,Katrina Willman,-95,10,4416.52,39.8,4.2,441.65,,,0
CA-12055,Cathy Armstrong,-401,10,1679.72,12.6,4.9,167.97,,,0
NM-18520,Neoma Murray,-243,15,2161.98,36.5,4.0,144.13,,,0
BO-11425,Bobby Odegard,-74,2,130.83,45.4,3.5,65.42,,,0
KD-16615,Ken Dana,-288,13,2243.51,24.1,4.31,172.58,,,0
BM-11575,Brendan Murry,-99,10,808.16,11.8,2.2,80.82,,,0
AC-10615,Ann Chong,-5,18,2537.69,11.8,3.28,140.98,,,0
MO-17800,Meg O'Connel,-103,11,1687.03,10.0,4.45,153.37,,,0
AB-10060,Adam Bellavance,-53,18,7755.62,26.5,3.11,430.87,,,2
CM-12190,Charlotte Melton,-7,7,1475.14,6.2,3.0,210.73,,,0
JR-16210,Justin Ritter,-32,10,2201.69,20.5,4.1,220.17,,,0
SJ-20125,Sanjit Jacobs,-94,24,3949.66,3.6,4.33,164.57,,,0
CM-11935,Carlos Meador,-707,4,565.39,-7.7,4.5,141.35,,,1
DR-12880,Dan Reichenbach,-2,24,6528.03,25.2,4.29,272.0,,,2
BS-11800,Bryan Spruell,-264,8,949.43,20.4,2.75,118.68,,,0
HW-14935,Helen Wasserman,-116,20,9300.25,23.3,4.25,465.01,,,2
EM-13960,Eric Murdock,-150,6,933.7,11.0,3.0,155.62,,,0
HM-14980,Henry MacAllister,-246,7,736.28,15.9,4.14,105.18,,,0
JJ-15760,Joel Jenkins,-752,3,195.0,17.7,3.67,65.0,,,0
GH-14485,Gene Hale,-387,3,1361.24,-7.0,5.0,453.75,,,1
SO-20335,Sean O'Donnell,-28,15,2602.58,-3.1,3.47,173.51,,,1
CG-12520,Claire Gute,-338,5,1148.78,14.8,2.8,229.76,,,0
JF-15355,Jay Fein,-104,16,1911.84,17.3,3.63,119.49,,,0
MY-17380,Maribeth Yedwab,-28,13,2254.29,14.2,3.77,173.41,,,0
SG-20080,Sandra Glassco,-7,11,3406.58,16.7,2.73,309.69,,,0
EG-13900,Emily Grady,-21,9,1832.02,5.7,4.89,203.56,,,0
KC-16540,Kelly Collister,-96,5,3908.26,18.2,5.6,781.65,,,0
CB-12415,Christy Brittain,-25,12,1949.2,14.0,3.67,162.43,,,0
MT-17815,Meg Tillman,-48,10,2890.14,17.6,3.1,289.01,,,0
MZ-17335,Maria Zettner,-29,6,593.61,14.3,1.83,98.93,,,0
GH-14665,Greg Hansen,-1,3,146.94,-4.0,3.0,48.98,,,1
KB-16405,Katrina Bavinger,-116,9,908.82,30.2,2.78,100.98,,,0
PB-18805,Patrick Bzostek,-24,10,740.36,31.0,5.4,74.04,,,0
TP-21415,Tom Prescott,-103,10,5329.0,-20.4,3.9,532.9,,,1
RH-19555,Ritsa Hightower,-519,3,740.38,0.0,3.67,246.79,,,0
MH-17620,Matt Hagelstein,-154,6,1252.8,9.8,3.17,208.8,,,0
SU-20665,Stephanie Ulpright,-19,18,2595.36,29.4,3.39,144.19,,,0
AF-10870,Art Ferguson,-40,16,2052.91,15.5,3.19,128.31,,,0
TT-21460,Tonja Turnell,-11,14,5364.81,21.0,3.43,383.2,,,2
SC-20800,Stuart Calhoun,-29,5,279.26,18.6,2.2,55.85,,,0
DJ-13630,Doug Jacobs,-11,8,3356.4,21.8,5.38,419.55,,,0
PM-19135,Peter McVee,-50,7,4115.66,12.8,5.14,587.95,,,0
EM-14200,Evan Minnotte,-157,4,366.82,5.9,3.25,91.71,,,0
ER-13855,Elpida Rittenbach,-421,5,1245.79,-23.7,5.4,249.16,,,1
JR-15670,Jim Radford,-593,3,1156.66,-67.9,4.67,385.55,,,1
DL-13495,Dionis Lloyd,-75,12,3539.32,-1.5,2.75,294.94,,,0
BT-11485,Brad Thomas,-659,3,415.2,30.6,3.67,138.4,,,0
BO-11350,Bill Overfelt,-136,12,2682.73,10.4,3.58,223.56,,,0
EB-13975,Erica Bern,1,6,1643.26,9.9,3.0,273.88,,,0
JB-16000,Joy Bell-,-42,7,644.12,19.7,4.57,92.02,,,0
BE-11335,Bill Eplett,-118,9,4204.68,35.4,3.89,467.19,,,0
TB-21355,Todd Boyes,-145,13,834.33,32.2,3.38,64.18,,,0
HE-14800,Harold Engle,-11,11,883.53,31.1,4.0,80.32,,,0
BE-11410,Bobby Elias,-97,5,2261.44,33.4,3.8,452.29,,,0
DW-13540,Don Weiss,-97,9,344.08,20.2,2.33,38.23,,,0
JG-15310,Jason Gross,-1,11,2240.58,0.2,4.18,203.69,,,0
CJ-12010,Caroline Jumper,-188,20,11164.97,7.7,4.15,558.25,,,2
BD-11770,Bryan Davis,-327,10,658.47,21.5,2.1,65.85,,,0
HZ-14950,Henia Zydlo,-34,6,886.52,-14.7,3.5,147.75,,,1
SV-20935,Susan Vittorini,-1,13,1903.49,5.6,5.08,146.42,,,0
JT-12540,Jill Trafton,-285,2,144.59,-136.7,1.0,72.29,,,1
JM-15250,Janet Martin,-36,19,3159.12,0.6,4.79,166.27,,,0
RB-19360,Raymond Buch,-95,18,15117.34,46.1,3.94,839.85,,,2
SW-20350,Sean Wendt,-161,6,1019.04,9.4,4.17,169.84,,,0
JM-15580,Jill Matthias,1,7,303.95,37.2,3.71,43.42,,,0
CR-12580,Clay Rozendal,-56,6,2148.85,3.5,5.33,358.14,,,0
EL-13735,Ed Ludwig,-76,2,124.28,21.8,4.5,62.14,,,0
CL-12700,Craig Leslie,-104,8,2353.59,9.7,4.25,294.2,,,0
RB-19570,Rob Beeghly,-24,9,528.55,14.5,3.89,58.73,,,0
CM-12235,Chris McAfee,-385,8,2305.71,15.8,3.5,288.21,,,0
SM-20905,Susan MacKendrick,-606,6,1043.04,-22.7,3.33,173.84,,,1
LW-16990,Lindsay Williams,-32,11,3230.31,20.5,3.45,293.66,,,0
CV-12805,Cynthia Voltz,-4,19,2370.31,4.2,3.26,124.75,,,0
AS-10285,Alejandro Savely,-18,8,3214.24,11.0,4.88,401.78,,,0
CC-12370,Christopher Conant,-42,11,12129.07,17.9,3.09,1102.64,,,2
RW-19690,Robert Waldorf,-78,15,3495.65,20.2,4.07,233.04,,,0
LP-17095,Liz Preis,-8,15,3653.4,9.3,3.47,243.56,,,0
SC-20230,Scot Coram,-148,11,4371.96,10.1,4.45,397.45,,,0
RS-19870,Roy Skaria,-18,3,22.33,42.9,3.33,7.44,,,0
DV-13045,Darrin Van Huff,-18,9,1119.48,-38.2,3.11,124.39,,,1
HO-15234,Harry Olson,-288,2,281.34,39.0,3.0,140.67,,,0
HO-15233,Harry Olson,-288,2,39.36,35.0,5.0,19.68,,,0
HO-15232,Harry Olson,-288,2,140.93,32.5,6.0,70.46,,,0
HO-15231,Harry Olson,-288,2,620.24,26.0,2.0,310.12,,,0
JS-15685,Jim Sink,-41,11,1131.06,-4.9,3.82,102.82,,,1
TB-21055,Ted Butterfield,-118,18,1467.88,26.6,3.67,81.55,,,0
LD-16855,Lela Donovan,-552,1,5.3,8.7,3.0,5.3,,,0
PF-19225,Phillip Flathmann,-113,10,2206.13,26.8,3.2,220.61,,,0
AR-10570,Anemone Ratner,-534,2,88.15,37.0,3.0,44.08,,,0
LB-16735,Larry Blacks,-47,3,50.19,37.2,4.0,16.73,,,0
AG-10330,Alex Grayson,-7,9,660.97,-0.8,5.22,73.44,,,0
ML-17755,Max Ludwig,-28,13,2071.91,19.8,4.08,159.38,,,0
AO-10810,Anthony O'Donnell,-501,1,161.28,7.5,2.0,161.28,,,0
MH-18115,Mick Hernandez,-4,22,5503.09,3.1,3.59,250.14,,,2
JS-13215,Jennifer Sheldon,-94,2,19.98,45.0,1.0,9.99,,,0
CM-12160,Charles McCrossin,-25,7,2533.31,-15.6,3.29,361.9,,,1
SC-20845,Sung Chung,-130,4,280.63,11.1,3.25,70.16,,,0
AS-10135,Adrian Shami,-40,3,58.82,37.1,3.0,19.61,,,0
RR-19315,Ralph Ritter,-18,4,615.93,-12.0,1.75,153.98,,,1
NS-18505,Neola Schneider,-5,15,2575.86,-0.5,3.47,171.72,,,0
CD-11980,Carol Darley,-53,6,639.77,-32.3,3.67,106.63,,,1
SK-19990,Sally Knutson,-7,5,883.41,19.1,3.8,176.68,,,0
JE-16165,Justin Ellison,-19,7,2697.25,29.3,4.86,385.32,,,0
CJ-11875,Carl Jackson,-365,1,16.52,10.0,5.0,16.52,,,0
RM-19750,Roland Murray,-298,2,98.35,29.2,2.0,49.18,,,0
ML-18040,Michelle Lonsdale,-78,4,742.08,18.7,4.5,185.52,,,0
TM-21490,Tony Molinari,-129,4,1094.68,26.7,3.0,273.67,,,0
MG-18205,Mitch Gastineau,-263,2,16.74,-7.5,4.0,8.37,,,1
CC-12550,Clay Cheatham,-26,4,113.83,29.8,3.5,28.46,,,0
CS-12460,Chuck Sachs,-26,6,550.64,28.4,2.17,91.77,,,0
JC-15385,Jenna Caffey,-174,4,1058.11,47.5,3.5,264.53,,,0
TC-21145,Theresa Coyne,-105,4,1038.26,25.6,4.25,259.57,,,0
PH-18790,Patricia Hirasaki,-69,2,729.65,6.6,3.0,364.82,,,0
JR-15700,Jocasta Rupert,-67,1,863.88,12.5,3.0,863.88,,,0
CD-12280,Christina DeMoss,-41,13,1205.58,19.3,3.0,92.74,,,0
